{"step": 3, "loss": 3.6559088230133057, "acc": 0.08043903112411499, "precision": 0.0, "recall": 0.0, "auc": 0.6833760142326355, "val_loss": 3.6363487243652344, "val_acc": 0.08525034040212631, "val_precision": 0.0, "val_recall": 0.0, "val_auc": 0.6928023099899292, "lr": 0.0010000000474974513}