{"step": 3, "loss": 3.5212409496307373, "acc": 0.09532400965690613, "precision": 0.0, "recall": 0.0, "auc": 0.7269443273544312, "val_loss": 3.4981815814971924, "val_acc": 0.10419485718011856, "val_precision": 0.0, "val_recall": 0.0, "val_auc": 0.7357773184776306, "lr": 0.0010000000474974513}