{"step": 0, "loss": 2.4727466106414795, "acc": 0.30566832423210144, "precision": 1.0, "recall": 0.0018042399315163493, "auc": 0.9226818680763245, "val_loss": 1.8974789381027222, "val_acc": 0.34776726365089417, "val_precision": 1.0, "val_recall": 0.013531799428164959, "val_auc": 0.9473977088928223, "lr": 0.0010000000474974513}