{"step": 3, "loss": 3.3638012409210205, "acc": 0.0891595259308815, "precision": 0.125, "recall": 0.00015035332762636244, "auc": 0.7058709859848022, "val_loss": 3.8838629722595215, "val_acc": 0.05548037961125374, "val_precision": 0.0, "val_recall": 0.0, "val_auc": 0.5340412259101868, "lr": 0.0010000000474974513}