{"step": 3, "loss": 1.7527692317962646, "acc": 0.3963313698768616, "precision": 0.7495826482772827, "recall": 0.06750864535570145, "auc": 0.9535204768180847, "val_loss": 1.9743328094482422, "val_acc": 0.38565629720687866, "val_precision": 0.7358490824699402, "val_recall": 0.05277401953935623, "val_auc": 0.9332605600357056, "lr": 0.0010000000474974513}