{"step": 3, "loss": 3.806847333908081, "acc": 0.08930987864732742, "precision": 0.0, "recall": 0.0, "auc": 0.694377601146698, "val_loss": 3.7860872745513916, "val_acc": 0.09472259879112244, "val_precision": 0.0, "val_recall": 0.0, "val_auc": 0.6991935968399048, "lr": 0.0010000000474974513}