{"step": 3, "loss": 3.4510297775268555, "acc": 0.06811005622148514, "precision": 0.0, "recall": 0.0, "auc": 0.6670939326286316, "val_loss": 3.923370838165283, "val_acc": 0.0392422191798687, "val_precision": 0.5, "val_recall": 0.002706359839066863, "val_auc": 0.5804762244224548, "lr": 0.0010000000474974513}