{"step": 3, "loss": 3.4336719512939453, "acc": 0.07547736912965775, "precision": 0.0, "recall": 0.0, "auc": 0.6841146945953369, "val_loss": 3.840437412261963, "val_acc": 0.04465493932366371, "val_precision": 0.23076923191547394, "val_recall": 0.00405954010784626, "val_auc": 0.582366406917572, "lr": 0.0010000000474974513}