{"step": 3, "loss": 3.3341779708862305, "acc": 0.0957750678062439, "precision": 0.4000000059604645, "recall": 0.0003007066552527249, "auc": 0.7251741886138916, "val_loss": 4.713191032409668, "val_acc": 0.058186739683151245, "val_precision": 0.054054055362939835, "val_recall": 0.01623816043138504, "val_auc": 0.5734380483627319, "lr": 0.0010000000474974513}