{"step": 0, "loss": 3.518209218978882, "acc": 0.06931288540363312, "precision": 0.30000001192092896, "recall": 0.00045105998287908733, "auc": 0.6245900988578796, "val_loss": 34.17678451538086, "val_acc": 0.02435723878443241, "val_precision": 0.02247191034257412, "val_recall": 0.021650878712534904, "val_auc": 0.5020960569381714, "lr": 0.0010000000474974513}