{"step": 3, "loss": 3.593245267868042, "acc": 0.05367613956332207, "precision": 0.0, "recall": 0.0, "auc": 0.5262986421585083, "val_loss": 3.5451109409332275, "val_acc": 0.054127197712659836, "val_precision": 0.0, "val_recall": 0.0, "val_auc": 0.5229392647743225, "lr": 0.0010000000474974513}