{"step": 0, "loss": 4.177866458892822, "acc": 0.052924372255802155, "precision": 0.06194690242409706, "recall": 0.003157419851049781, "auc": 0.5464439392089844, "val_loss": 3.5682294368743896, "val_acc": 0.062246277928352356, "val_precision": 0.0, "val_recall": 0.0, "val_auc": 0.5787978768348694, "lr": 0.0010000000474974513}