{"step": 3, "loss": 3.554755449295044, "acc": 0.05427755042910576, "precision": 0.0, "recall": 0.0, "auc": 0.5265975594520569, "val_loss": 3.5458145141601562, "val_acc": 0.05277401953935623, "val_precision": 0.0, "val_recall": 0.0, "val_auc": 0.5225646495819092, "lr": 0.0010000000474974513}