{"step": 3, "loss": 3.5664544105529785, "acc": 0.055179670453071594, "precision": 0.5, "recall": 0.00015035332762636244, "auc": 0.526616632938385, "val_loss": 3.546084403991699, "val_acc": 0.046008117496967316, "val_precision": 0.0, "val_recall": 0.0, "val_auc": 0.524024486541748, "lr": 0.0010000000474974513}