{"step": 3, "loss": 3.4471170902252197, "acc": 0.06405051797628403, "precision": 0.0, "recall": 0.0, "auc": 0.6388440728187561, "val_loss": 3.5007340908050537, "val_acc": 0.06089309975504875, "val_precision": 0.0, "val_recall": 0.0, "val_auc": 0.5742115378379822, "lr": 0.0010000000474974513}