{"step": 3, "loss": 3.547222137451172, "acc": 0.05142083764076233, "precision": 0.0, "recall": 0.0, "auc": 0.5281582474708557, "val_loss": 3.543785810470581, "val_acc": 0.04736129939556122, "val_precision": 0.0, "val_recall": 0.0, "val_auc": 0.5198039412498474, "lr": 0.0010000000474974513}