{"step": 0, "loss": 77.47710418701172, "acc": 0.046609532088041306, "precision": 0.04556962102651596, "recall": 0.00811908021569252, "auc": 0.5077393054962158, "val_loss": 3.560654878616333, "val_acc": 0.046008117496967316, "val_precision": 0.0, "val_recall": 0.0, "val_auc": 0.5193504691123962, "lr": 0.0010000000474974513}