{"step": 3, "loss": 3.4488892555236816, "acc": 0.05773567780852318, "precision": 0.0, "recall": 0.0, "auc": 0.63462895154953, "val_loss": 3.542022466659546, "val_acc": 0.054127197712659836, "val_precision": 0.0, "val_recall": 0.0, "val_auc": 0.5665276050567627, "lr": 0.0010000000474974513}