{"step": 3, "loss": 2.294602632522583, "acc": 0.31904977560043335, "precision": 0.5676975846290588, "recall": 0.12419185042381287, "auc": 0.8956906795501709, "val_loss": 2.722568988800049, "val_acc": 0.1989174634218216, "val_precision": 0.4736842215061188, "val_recall": 0.04871447756886482, "val_auc": 0.8362736701965332, "lr": 0.0010000000474974513}