{"step": 3, "loss": 3.6334574222564697, "acc": 0.05262366682291031, "precision": 0.0, "recall": 0.0, "auc": 0.5264082551002502, "val_loss": 3.544978618621826, "val_acc": 0.04736129939556122, "val_precision": 0.0, "val_recall": 0.0, "val_auc": 0.5234795808792114, "lr": 0.0010000000474974513}