{"step": 14, "loss": 0.7382850050926208, "val_loss": 0.7369709610939026, "lr": 9.999999747378752e-05, "train_nway_acc": 0.03614457831325301, "train_nway_avg_dist": 0.4886800944805145, "train_nway_avg_var": 0.0037764934822916985, "test_nway_acc": 0.04059539918809202, "test_nway_avg_dist": 0.49114730954170227, "test_nway_avg_var": 0.004605109337717295}