{"step": 3, "loss": 0.7393629550933838, "val_loss": 0.7352198362350464, "lr": 9.999999747378752e-05, "train_nway_acc": 0.03614457831325301, "train_nway_avg_dist": 0.4959436058998108, "train_nway_avg_var": 0.02104581892490387, "test_nway_acc": 0.05006765899864682, "test_nway_avg_dist": 0.4992619752883911, "test_nway_avg_var": 0.02141505666077137}