{"step": 3, "loss": 0.5724708437919617, "val_loss": 0.5740219950675964, "lr": 9.999999747378752e-05, "train_nway_acc": 0.03614457831325301, "train_nway_avg_dist": 0.49073314666748047, "train_nway_avg_var": 0.010270185768604279, "test_nway_acc": 0.04194857916102842, "test_nway_avg_dist": 0.4944665729999542, "test_nway_avg_var": 0.010605107061564922}