{"step": 9, "loss": 0.5346034169197083, "val_loss": 0.5390453338623047, "lr": 9.999999747378752e-05, "train_nway_acc": 0.024096385542168676, "train_nway_avg_dist": 0.518312394618988, "train_nway_avg_var": 0.01101921871304512, "test_nway_acc": 0.03382949932341001, "test_nway_avg_dist": 0.5175643563270569, "test_nway_avg_var": 0.009751791134476662}