{"step": 199, "loss": 0.10317223519086838, "val_loss": 0.18205948173999786, "lr": 9.999999747378752e-05, "train_nway_acc": 0.536144578313253, "train_nway_avg_dist": 0.9248502850532532, "train_nway_avg_var": 0.07952304929494858, "test_nway_acc": 0.4059539918809202, "test_nway_avg_dist": 0.9018623232841492, "test_nway_avg_var": 0.07358358800411224}