{"step": 99, "loss": 0.16866852343082428, "val_loss": 0.1980261206626892, "lr": 9.999999747378752e-05, "train_nway_acc": 0.21385542168674698, "train_nway_avg_dist": 0.6397343873977661, "train_nway_avg_var": 0.05254974216222763, "test_nway_acc": 0.19215155615696888, "test_nway_avg_dist": 0.6428238153457642, "test_nway_avg_var": 0.051222920417785645}