{
    "step": 9,
    "loss": 0.48907947540283203,
    "acc": 0.05319149047136307,
    "val_loss": 0.4807097613811493,
    "val_acc": 0.021276595070958138,
    "lr": 9.999999747378752e-05,
    "train_nway_acc": 0.028,
    "train_nway_avg_dist": 0.041770584881305695,
    "train_nway_avg_var": 8.047408300626557e-06,
    "test_nway_acc": 0.06451612903225806,
    "test_nway_avg_dist": 0.04189649969339371,
    "test_nway_avg_var": 7.6214178079681005e-06,
    "memory_use_GB": 7.021125316619873
}