{
    "step": 9,
    "loss": 0.3737766146659851,
    "acc": 0.4920026659965515,
    "val_loss": 0.3820209503173828,
    "val_acc": 0.4699999988079071,
    "lr": 9.999999747378752e-05,
    "train_nway_acc": 0.048,
    "train_nway_avg_dist": 0.611311674118042,
    "train_nway_avg_var": 0.016223343089222908,
    "test_nway_acc": 0.03225806451612903,
    "test_nway_avg_dist": 0.599989116191864,
    "test_nway_avg_var": 0.01686226762831211,
    "memory_use_GB": 6.958509922027588
}