{
    "step": 6,
    "loss": 0.39255744218826294,
    "acc": 0.5048874616622925,
    "val_loss": 0.3927946090698242,
    "val_acc": 0.49048912525177,
    "lr": 9.999999747378752e-05,
    "memory_use_GB": 7.201511859893799
}