{
    "step": 9,
    "loss": 0.34150999784469604,
    "acc": 0.4410196542739868,
    "val_loss": 0.3449520170688629,
    "val_acc": 0.4493333399295807,
    "lr": 9.999999747378752e-05,
    "train_nway_acc": 0.08,
    "train_nway_avg_dist": 0.5341360569000244,
    "train_nway_avg_var": 0.011374495923519135,
    "test_nway_acc": 0.12903225806451613,
    "test_nway_avg_dist": 0.529410183429718,
    "test_nway_avg_var": 0.010759278200566769,
    "memory_use_GB": 6.883194923400879
}