{
    "step": 9,
    "loss": 0.7901391983032227,
    "acc": 0.5046651363372803,
    "val_loss": 0.8021173477172852,
    "val_acc": 0.4753333330154419,
    "lr": 9.999999747378752e-05,
    "train_nway_acc": 0.032,
    "train_nway_avg_dist": 0.44316285848617554,
    "train_nway_avg_var": 0.0009860738646239042,
    "test_nway_acc": 0.03225806451612903,
    "test_nway_avg_dist": 0.4429064989089966,
    "test_nway_avg_var": 0.0010120341321453452,
    "memory_use_GB": 6.946486473083496
}