{
    "step": 169,
    "loss": 0.46441206336021423,
    "val_loss": 0.47061365842819214,
    "lr": 1.0000000116860974e-07,
    "train_nway_acc": 0.34,
    "train_nway_avg_dist": 0.018296383321285248,
    "train_nway_avg_var": 0.0001005645317491144,
    "test_nway_acc": 0.37666666666666665,
    "test_nway_avg_dist": 0.017972266301512718,
    "test_nway_avg_var": 7.670928607694805e-05,
    "memory_use_GB": 8.279998779296875
}