{"step": 682, "loss": 0.04424956068396568, "val_loss": 0.15368354320526123, "lr": 9.999999717180685e-10, "train_nway_acc": 0.9939759036144579, "train_nway_avg_dist": 1.1923096179962158, "train_nway_avg_var": 0.04934580996632576, "test_nway_acc": 0.9512855209742895, "test_nway_avg_dist": 1.1673882007598877, "test_nway_avg_var": 0.0342765673995018, "memory_use_GB": 7.501497745513916}