{"step": 661, "loss": 0.052288975566625595, "val_loss": 0.16267426311969757, "lr": 9.999999146890343e-14, "train_nway_acc": 0.9969879518072289, "train_nway_avg_dist": 1.2317206859588623, "train_nway_avg_var": 0.052345287054777145, "test_nway_acc": 0.93234100135318, "test_nway_avg_dist": 1.1367641687393188, "test_nway_avg_var": 0.028145674616098404, "memory_use_GB": 7.167293548583984}