{"step": 491, "loss": 0.05076581984758377, "val_loss": 0.17031489312648773, "lr": 9.999999717180685e-10, "train_nway_acc": 0.9969879518072289, "train_nway_avg_dist": 1.1812171936035156, "train_nway_avg_var": 0.04582598805427551, "test_nway_acc": 0.945872801082544, "test_nway_avg_dist": 1.1240708827972412, "test_nway_avg_var": 0.029220949858427048, "memory_use_GB": 4.496604919433594}