{"step": 696, "loss": 0.03777378425002098, "val_loss": 0.15159666538238525, "lr": 9.99999993922529e-09, "train_nway_acc": 1.0, "train_nway_avg_dist": 1.2521131038665771, "train_nway_avg_var": 0.05187949910759926, "test_nway_acc": 0.9431664411366711, "test_nway_avg_dist": 1.1639792919158936, "test_nway_avg_var": 0.028783176094293594, "memory_use_GB": 6.3269548416137695}