{"step": 613, "loss": 0.05392195284366608, "val_loss": 0.1565827876329422, "lr": 9.99999993922529e-09, "train_nway_acc": 0.9939759036144579, "train_nway_avg_dist": 1.1853519678115845, "train_nway_avg_var": 0.04708157107234001, "test_nway_acc": 0.9296346414073072, "test_nway_avg_dist": 1.1030412912368774, "test_nway_avg_var": 0.028171511366963387, "memory_use_GB": 7.515377521514893}