{"step": 687, "loss": 0.024441121146082878, "val_loss": 0.11918892711400986, "lr": 9.99999993922529e-09, "train_nway_acc": 1.0, "train_nway_avg_dist": 1.344296932220459, "train_nway_avg_var": 0.06203918531537056, "test_nway_acc": 0.9621109607577808, "test_nway_avg_dist": 1.2566418647766113, "test_nway_avg_var": 0.038298554718494415, "memory_use_GB": 5.207891464233398}