{"step": 731, "loss": 0.03528594598174095, "val_loss": 0.17004241049289703, "lr": 9.999999439624929e-11, "train_nway_acc": 0.9969879518072289, "train_nway_avg_dist": 1.3017784357070923, "train_nway_avg_var": 0.058487582951784134, "test_nway_acc": 0.945872801082544, "test_nway_avg_dist": 1.207912564277649, "test_nway_avg_var": 0.03203193470835686, "memory_use_GB": 6.4865546226501465}