{
    "step": 199,
    "loss": 0.07854630053043365,
    "val_loss": 0.30818334221839905,
    "lr": 9.999999747378752e-05,
    "train_nway_acc": 0.9789473684210527,
    "train_nway_avg_dist": 1.130079746246338,
    "train_nway_avg_var": 0.058748576790094376,
    "test_nway_acc": 0.6278755074424899,
    "test_nway_avg_dist": 0.8515496253967285,
    "test_nway_avg_var": 0.01881282404065132,
    "memory_use_GB": 5.571423053741455
}