{"step": 0, "loss": 0.6042546629905701, "val_loss": 0.5927678942680359, "lr": 9.999999747378752e-05, "train_nway_acc": 0.5030120481927711, "train_nway_avg_dist": 0.526311457157135, "train_nway_avg_var": 0.0011775147868320346, "test_nway_acc": 0.5290933694181326, "test_nway_avg_dist": 0.5375014543533325, "test_nway_avg_var": 0.0009904325706884265}