{"step": 706, "loss": 0.04233568161725998, "val_loss": 0.14933465421199799, "lr": 9.999999439624929e-11, "train_nway_acc": 0.9909638554216867, "train_nway_avg_dist": 1.250744342803955, "train_nway_avg_var": 0.05337413027882576, "test_nway_acc": 0.9539918809201624, "test_nway_avg_dist": 1.172366976737976, "test_nway_avg_var": 0.030980776995420456, "memory_use_GB": 5.714021682739258}