{"step": 668, "loss": 0.024349845945835114, "val_loss": 0.13222162425518036, "lr": 9.999999439624929e-11, "train_nway_acc": 1.0, "train_nway_avg_dist": 1.3093340396881104, "train_nway_avg_var": 0.05755379796028137, "test_nway_acc": 0.959404600811908, "test_nway_avg_dist": 1.2256078720092773, "test_nway_avg_var": 0.03691576048731804, "memory_use_GB": 4.4569830894470215}