{"step": 999, "loss": 0.01333746500313282, "val_loss": 0.14156167209148407, "lr": 9.999999092680234e-12, "train_nway_acc": 1.0, "train_nway_avg_dist": 1.458238124847412, "train_nway_avg_var": 0.07416058331727982, "test_nway_acc": 0.959404600811908, "test_nway_avg_dist": 1.3772550821304321, "test_nway_avg_var": 0.047514673322439194, "memory_use_GB": 4.6478271484375}