{"step": 798, "loss": 0.0434039905667305, "val_loss": 0.15797320008277893, "lr": 9.9999988758398e-13, "train_nway_acc": 0.9939759036144579, "train_nway_avg_dist": 1.220961332321167, "train_nway_avg_var": 0.05027487128973007, "test_nway_acc": 0.9296346414073072, "test_nway_avg_dist": 1.1322041749954224, "test_nway_avg_var": 0.028022397309541702, "memory_use_GB": 7.549873352050781}