{"step": 43, "loss": 0.38736721873283386, "acc": 0.8245376348495483, "precision": 0.8424462676048279, "recall": 0.801533579826355, "auc": 0.9976397752761841, "val_loss": 2.4054644107818604, "val_acc": 0.6238159537315369, "val_precision": 0.642960786819458, "val_recall": 0.5994587540626526, "val_auc": 0.9205854535102844, "lr": 0.0010000000474974513}