{
    "step": 52,
    "loss": 0.766088604927063,
    "acc": 0.9133964776992798,
    "precision": 0.9295752644538879,
    "recall": 0.8950533866882324,
    "auc": 0.9966351985931396,
    "val_loss": 3.4927563667297363,
    "val_acc": 0.5020297765731812,
    "val_precision": 0.5464231371879578,
    "val_recall": 0.4857916235923767,
    "val_auc": 0.8747966885566711,
    "lr": 0.0010000000474974513
}