{"step": 63, "loss": 0.971795916557312, "acc": 0.8260412216186523, "precision": 0.8670186400413513, "recall": 0.7901067733764648, "auc": 0.9936338663101196, "val_loss": 3.0104622840881348, "val_acc": 0.5209742784500122, "val_precision": 0.5702875256538391, "val_recall": 0.4830852448940277, "val_auc": 0.8986106514930725, "lr": 0.0010000000474974513}