{
    "step": 44,
    "loss": 0.4563828110694885,
    "acc": 0.7614128589630127,
    "precision": 0.8027591109275818,
    "recall": 0.7174275517463684,
    "auc": 0.9965096712112427,
    "val_loss": 2.2086892127990723,
    "val_acc": 0.5759999752044678,
    "val_precision": 0.6227164268493652,
    "val_recall": 0.5226666927337646,
    "val_auc": 0.9207021594047546,
    "lr": 0.0010000000474974513
}