{"step": 41, "loss": 0.010904500260949135, "acc": 0.9996992945671082, "precision": 0.9996992945671082, "recall": 0.9996992945671082, "auc": 1.0, "val_loss": 1.6611847877502441, "val_acc": 0.8037889003753662, "val_precision": 0.8065395355224609, "val_recall": 0.8010825514793396, "val_auc": 0.9425703883171082, "lr": 0.0010000000474974513}