{"step": 66, "loss": 0.7761099934577942, "acc": 0.9261764883995056, "precision": 0.9390149712562561, "recall": 0.9144489765167236, "auc": 0.9972949028015137, "val_loss": 2.543584108352661, "val_acc": 0.5710419416427612, "val_precision": 0.6071963906288147, "val_recall": 0.5480378866195679, "val_auc": 0.9190911650657654, "lr": 0.0010000000474974513}