{
    "step": 106,
    "loss": 2.675297260284424,
    "acc": 0.2341001331806183,
    "precision": 0.7039473652839661,
    "recall": 0.016087805852293968,
    "auc": 0.8539774417877197,
    "val_loss": 2.7101640701293945,
    "val_acc": 0.22598105669021606,
    "val_precision": 0.8333333134651184,
    "val_recall": 0.02029769867658615,
    "val_auc": 0.8449658155441284,
    "lr": 1.000000082740371e-07
}