{"step": 103, "loss": 0.8189108371734619, "acc": 0.9142985939979553, "precision": 0.9289253354072571, "recall": 0.9019696116447449, "auc": 0.9970028400421143, "val_loss": 2.571373701095581, "val_acc": 0.6021651029586792, "val_precision": 0.6436090469360352, "val_recall": 0.5791610479354858, "val_auc": 0.9147656559944153, "lr": 0.0010000000474974513}