{
    "step": 120,
    "loss": 0.38437309861183167,
    "acc": 0.9957901239395142,
    "precision": 0.9959368109703064,
    "recall": 0.9950383305549622,
    "auc": 0.999997079372406,
    "val_loss": 1.90035879611969,
    "val_acc": 0.7307171821594238,
    "val_precision": 0.752461314201355,
    "val_recall": 0.7239512801170349,
    "val_auc": 0.9320542216300964,
    "lr": 0.00010000000474974513
}