{"step": 9, "loss": 2.6495680809020996, "acc": 0.25590136647224426, "precision": 0.5139318704605103, "recall": 0.0249586533755064, "auc": 0.8787605166435242, "val_loss": 4.268585205078125, "val_acc": 0.11231394112110138, "val_precision": 0.2800000011920929, "val_recall": 0.018944520503282547, "val_auc": 0.6928481459617615, "lr": 0.0010000000474974513}