{"step": 43, "loss": 0.43145477771759033, "acc": 0.8081491589546204, "precision": 0.8397945761680603, "recall": 0.7621410489082336, "auc": 0.9971445202827454, "val_loss": 2.4459962844848633, "val_acc": 0.5832205414772034, "val_precision": 0.6077844500541687, "val_recall": 0.5493910908699036, "val_auc": 0.9165772795677185, "lr": 0.0010000000474974513}