{"step": 0, "loss": 3.8715322017669678, "acc": 0.053225077688694, "precision": 0.0, "recall": 0.0, "auc": 0.5303025245666504, "val_loss": 3.8619918823242188, "val_acc": 0.05953991785645485, "val_precision": 0.0, "val_recall": 0.0, "val_auc": 0.5478438138961792, "lr": 0.0010000000474974513}