{
    "step": 44,
    "loss": 0.4533121883869171,
    "acc": 0.7629123330116272,
    "precision": 0.8017129302024841,
    "recall": 0.7174275517463684,
    "auc": 0.9965289831161499,
    "val_loss": 2.270082473754883,
    "val_acc": 0.578000009059906,
    "val_precision": 0.6283731460571289,
    "val_recall": 0.5433333516120911,
    "val_auc": 0.9192844033241272,
    "lr": 0.0010000000474974513
}