{"step": 42, "loss": 0.4079102873802185, "acc": 0.8021349906921387, "precision": 0.8146349191665649, "recall": 0.7816869616508484, "auc": 0.9971157908439636, "val_loss": 2.126451015472412, "val_acc": 0.641407310962677, "val_precision": 0.6605113744735718, "val_recall": 0.6292287111282349, "val_auc": 0.9226373434066772, "lr": 0.0010000000474974513}