{"step": 44, "loss": 0.3549198508262634, "acc": 0.8322057127952576, "precision": 0.870719313621521, "recall": 0.7989776134490967, "auc": 0.9979989528656006, "val_loss": 2.3138575553894043, "val_acc": 0.6373477578163147, "val_precision": 0.6582840085029602, "val_recall": 0.6021651029586792, "val_auc": 0.9165858030319214, "lr": 0.0010000000474974513}