{
    "step": 43,
    "loss": 0.4049997329711914,
    "acc": 0.8047317266464233,
    "precision": 0.8289687633514404,
    "recall": 0.7647450566291809,
    "auc": 0.9973775148391724,
    "val_loss": 2.249708890914917,
    "val_acc": 0.5913333296775818,
    "val_precision": 0.6252856254577637,
    "val_recall": 0.5473333597183228,
    "val_auc": 0.9229869842529297,
    "lr": 0.0010000000474974513
}