{
    "step": 43,
    "loss": 0.4002018868923187,
    "acc": 0.7970229983329773,
    "precision": 0.8126978874206543,
    "recall": 0.7717636227607727,
    "auc": 0.9971768856048584,
    "val_loss": 2.0028791427612305,
    "val_acc": 0.6319350600242615,
    "val_precision": 0.6449787616729736,
    "val_recall": 0.617050051689148,
    "val_auc": 0.9328176379203796,
    "lr": 0.0010000000474974513
}