{"step": 44, "loss": 0.39934736490249634, "acc": 0.8117576241493225, "precision": 0.8768883347511292, "recall": 0.7592843174934387, "auc": 0.9976036548614502, "val_loss": 1.9630376100540161, "val_acc": 0.6305818557739258, "val_precision": 0.6676923036575317, "val_recall": 0.5872800946235657, "val_auc": 0.9302998185157776, "lr": 0.0010000000474974513}