{
    "step": 57,
    "loss": 0.7518126368522644,
    "acc": 0.9131956100463867,
    "precision": 0.9306108355522156,
    "recall": 0.8960346579551697,
    "auc": 0.997087836265564,
    "val_loss": 3.315364360809326,
    "val_acc": 0.46666666865348816,
    "val_precision": 0.5124416947364807,
    "val_recall": 0.43933331966400146,
    "val_auc": 0.8681140542030334,
    "lr": 0.0010000000474974513
}