{"step": 44, "loss": 0.09250655770301819, "acc": 0.9609081149101257, "precision": 0.9621760249137878, "recall": 0.9600059986114502, "auc": 0.9998987317085266, "val_loss": 1.8070650100708008, "val_acc": 0.7523680925369263, "val_precision": 0.7593361139297485, "val_recall": 0.742895781993866, "val_auc": 0.9356446266174316, "lr": 0.0010000000474974513}