{"step": 117, "loss": 0.36021265387535095, "acc": 0.9972936511039734, "precision": 0.9977436661720276, "recall": 0.9972936511039734, "auc": 0.999999463558197, "val_loss": 1.9433494806289673, "val_acc": 0.7469553351402283, "val_precision": 0.7589531540870667, "val_recall": 0.7456021904945374, "val_auc": 0.9316443800926208, "lr": 0.00010000000474974513}