{"step": 77, "loss": 0.8762409090995789, "acc": 0.9072319865226746, "precision": 0.9283367395401001, "recall": 0.892046332359314, "auc": 0.9969255924224854, "val_loss": 2.3796253204345703, "val_acc": 0.6075778007507324, "val_precision": 0.6514459848403931, "val_recall": 0.5791610479354858, "val_auc": 0.9259738326072693, "lr": 0.0010000000474974513}