{
    "step": 43,
    "loss": 0.4109918177127838,
    "acc": 0.8000666499137878,
    "precision": 0.8257795572280884,
    "recall": 0.7589136958122253,
    "auc": 0.9972764253616333,
    "val_loss": 2.246792793273926,
    "val_acc": 0.5953333377838135,
    "val_precision": 0.6284194588661194,
    "val_recall": 0.5513333082199097,
    "val_auc": 0.923881471157074,
    "lr": 0.0010000000474974513
}