{"step": 44, "loss": 0.09207725524902344, "acc": 0.9619606137275696, "precision": 0.962198793888092, "recall": 0.9606074094772339, "auc": 0.9998987317085266, "val_loss": 1.7824556827545166, "val_acc": 0.7442489862442017, "val_precision": 0.7530864477157593, "val_recall": 0.742895781993866, "val_auc": 0.9356704950332642, "lr": 0.0010000000474974513}