{"step": 9, "loss": 0.2023211270570755, "acc": 0.9261764883995056, "precision": 0.9320685267448425, "recall": 0.9159525036811829, "auc": 0.9996073842048645, "val_loss": 1.0025118589401245, "val_acc": 0.7496616840362549, "val_precision": 0.7863371968269348, "val_recall": 0.7320703864097595, "val_auc": 0.9659011363983154, "lr": 0.0010000000474974513}