{"step": 41, "loss": 0.07567208260297775, "acc": 0.9658697843551636, "precision": 0.9660150408744812, "recall": 0.9658697843551636, "auc": 0.9999244213104248, "val_loss": 2.132240056991577, "val_acc": 0.7401894330978394, "val_precision": 0.7451790571212769, "val_recall": 0.7320703864097595, "val_auc": 0.9248048663139343, "lr": 0.0010000000474974513}