{"step": 43, "loss": 0.35539618134498596, "acc": 0.8343106508255005, "precision": 0.8470881581306458, "recall": 0.8179221153259277, "auc": 0.9978533387184143, "val_loss": 2.4423019886016846, "val_acc": 0.6427605152130127, "val_precision": 0.6521126627922058, "val_recall": 0.6265223026275635, "val_auc": 0.9166432023048401, "lr": 0.0010000000474974513}