{"step": 63, "loss": 0.7514231204986572, "acc": 0.9120432734489441, "precision": 0.9296192526817322, "recall": 0.8956547975540161, "auc": 0.9970166683197021, "val_loss": 2.326277494430542, "val_acc": 0.5805141925811768, "val_precision": 0.6302003264427185, "val_recall": 0.5534505844116211, "val_auc": 0.9198095798492432, "lr": 0.0010000000474974513}