{"step": 67, "loss": 0.7496691942214966, "acc": 0.9224177002906799, "precision": 0.9368420839309692, "recall": 0.9099383354187012, "auc": 0.9975583553314209, "val_loss": 2.8561456203460693, "val_acc": 0.5561569929122925, "val_precision": 0.608832836151123, "val_recall": 0.5223274827003479, "val_auc": 0.9009450674057007, "lr": 0.0010000000474974513}