{"step": 41, "loss": 0.44485077261924744, "acc": 0.7955194711685181, "precision": 0.8240711092948914, "recall": 0.7669523358345032, "auc": 0.9968057870864868, "val_loss": 2.2498106956481934, "val_acc": 0.6265223026275635, "val_precision": 0.6467236280441284, "val_recall": 0.6143437027931213, "val_auc": 0.9230411052703857, "lr": 0.0010000000474974513}