{
    "step": 51,
    "loss": 0.7037403583526611,
    "acc": 0.9128623604774475,
    "precision": 0.9301445484161377,
    "recall": 0.90069979429245,
    "auc": 0.997814953327179,
    "val_loss": 2.3698692321777344,
    "val_acc": 0.6046666502952576,
    "val_precision": 0.6448250412940979,
    "val_recall": 0.5773333311080933,
    "val_auc": 0.9201160669326782,
    "lr": 0.0010000000474974513
}