{
    "step": 67,
    "loss": 0.7936258316040039,
    "acc": 0.8887037634849548,
    "precision": 0.9120994806289673,
    "recall": 0.8678773641586304,
    "auc": 0.9970635771751404,
    "val_loss": 2.305432081222534,
    "val_acc": 0.5686666369438171,
    "val_precision": 0.6259720325469971,
    "val_recall": 0.5366666913032532,
    "val_auc": 0.9229204058647156,
    "lr": 0.0010000000474974513
}