{"step": 71, "loss": 0.7075349688529968, "acc": 0.9040745496749878, "precision": 0.9182692170143127, "recall": 0.8902420401573181, "auc": 0.9972129464149475, "val_loss": 2.8191654682159424, "val_acc": 0.541271984577179, "val_precision": 0.586523711681366, "val_recall": 0.5182679295539856, "val_auc": 0.894476592540741, "lr": 0.0010000000474974513}