{"step": 0, "loss": 3.695676565170288, "acc": 0.055330026894807816, "precision": 0.0, "recall": 0.0, "auc": 0.5986313223838806, "val_loss": 4.073318958282471, "val_acc": 0.06359945982694626, "val_precision": 0.1320754736661911, "val_recall": 0.018944520503282547, "val_auc": 0.575466513633728, "lr": 0.0010000000474974513}