{"step": 184, "loss": 1.8380498886108398, "acc": 0.5343557596206665, "precision": 0.7253057360649109, "recall": 0.34776726365089417, "auc": 0.958537757396698, "val_loss": 2.735297441482544, "val_acc": 0.3626522421836853, "val_precision": 0.5597667694091797, "val_recall": 0.25981056690216064, "val_auc": 0.8885185718536377, "lr": 0.0010000000474974513}