{
    "step": 65,
    "loss": 0.759287416934967,
    "acc": 0.9095301628112793,
    "precision": 0.9293628931045532,
    "recall": 0.8943685293197632,
    "auc": 0.9972561597824097,
    "val_loss": 2.447404146194458,
    "val_acc": 0.6119999885559082,
    "val_precision": 0.6557863354682922,
    "val_recall": 0.5893333554267883,
    "val_auc": 0.9159533381462097,
    "lr": 0.0010000000474974513
}