{"step": 41, "loss": 0.1209816113114357, "acc": 0.9478273987770081, "precision": 0.9479464292526245, "recall": 0.9473763108253479, "auc": 0.9998023509979248, "val_loss": 1.8801904916763306, "val_acc": 0.7767252922058105, "val_precision": 0.7788330912590027, "val_recall": 0.7767252922058105, "val_auc": 0.9426026344299316, "lr": 0.0010000000474974513}