{
    "step": 109,
    "loss": 0.33405500650405884,
    "acc": 0.9945018291473389,
    "precision": 0.9954954981803894,
    "recall": 0.9941686391830444,
    "auc": 0.9999958872795105,
    "val_loss": 1.6158530712127686,
    "val_acc": 0.7446666955947876,
    "val_precision": 0.7688022255897522,
    "val_recall": 0.7360000014305115,
    "val_auc": 0.9478247165679932,
    "lr": 0.00010000000474974513
}