{"step": 153, "loss": 0.32109329104423523, "acc": 0.9963915348052979, "precision": 0.9969906806945801, "recall": 0.9962411522865295, "auc": 0.9999220371246338, "val_loss": 1.8796014785766602, "val_acc": 0.748308539390564, "val_precision": 0.7561983466148376, "val_recall": 0.742895781993866, "val_auc": 0.9366849660873413, "lr": 0.00010000000474974513}