{
    "step": 43,
    "loss": 0.45026835799217224,
    "acc": 0.7719093561172485,
    "precision": 0.8113348484039307,
    "recall": 0.7250916361808777,
    "auc": 0.9966470003128052,
    "val_loss": 2.2233669757843018,
    "val_acc": 0.5826666951179504,
    "val_precision": 0.6354838609695435,
    "val_recall": 0.5253333449363708,
    "val_auc": 0.9197491407394409,
    "lr": 0.0010000000474974513
}