{
    "step": 169,
    "loss": 3.4235775470733643,
    "acc": 0.06690723448991776,
    "precision": 0.0,
    "recall": 0.0,
    "auc": 0.6452247500419617,
    "val_loss": 3.43804931640625,
    "val_acc": 0.05548037961125374,
    "val_precision": 0.0,
    "val_recall": 0.0,
    "val_auc": 0.6363346576690674,
    "lr": 1.000000082740371e-10
}