{"step": 98, "loss": 1.1876469850540161, "acc": 0.8025860786437988, "precision": 0.8602650165557861, "recall": 0.7516162991523743, "auc": 0.9911901950836182, "val_loss": 2.5833189487457275, "val_acc": 0.5115020275115967, "val_precision": 0.591549277305603, "val_recall": 0.45466846227645874, "val_auc": 0.9100885391235352, "lr": 0.0010000000474974513}