{"step": 74, "loss": 0.7653120160102844, "acc": 0.9155014157295227, "precision": 0.9315429925918579, "recall": 0.9022703170776367, "auc": 0.9966819286346436, "val_loss": 3.065382719039917, "val_acc": 0.5304465293884277, "val_precision": 0.5647590160369873, "val_recall": 0.5074424743652344, "val_auc": 0.8912882804870605, "lr": 0.0010000000474974513}