{"step": 167, "loss": 0.1269957423210144, "acc": 0.9980453848838806, "precision": 0.9981943964958191, "recall": 0.9974439740180969, "auc": 0.9999992847442627, "val_loss": 1.7752127647399902, "val_acc": 0.7036535739898682, "val_precision": 0.7366906404495239, "val_recall": 0.6928281188011169, "val_auc": 0.9283093810081482, "lr": 0.00010000000474974513}