{
    "step": 75,
    "loss": 0.8628563284873962,
    "acc": 0.895955502986908,
    "precision": 0.9193370342254639,
    "recall": 0.8756577968597412,
    "auc": 0.9962561130523682,
    "val_loss": 2.7068068981170654,
    "val_acc": 0.5548037886619568,
    "val_precision": 0.6071428656578064,
    "val_recall": 0.5290933847427368,
    "val_auc": 0.9022359848022461,
    "lr": 0.0010000000474974513
}