{"step": 43, "loss": 0.57671058177948, "acc": 0.7089159488677979, "precision": 0.7536620497703552, "recall": 0.6343407034873962, "auc": 0.9942647218704224, "val_loss": 1.802994728088379, "val_acc": 0.6116373538970947, "val_precision": 0.6456456184387207, "val_recall": 0.5818673968315125, "val_auc": 0.9418075084686279, "lr": 0.0010000000474974513}