{"step": 9, "loss": 3.5363402366638184, "acc": 0.05608179047703743, "precision": 0.0, "recall": 0.0, "auc": 0.5264400839805603, "val_loss": 3.5548133850097656, "val_acc": 0.03653585910797119, "val_precision": 0.0, "val_recall": 0.0, "val_auc": 0.524718165397644, "lr": 0.0010000000474974513}