{"step": 238, "loss": 3.184725284576416, "acc": 0.09757930785417557, "precision": 0.0, "recall": 0.0, "auc": 0.7314766645431519, "val_loss": 3.041930675506592, "val_acc": 0.12584573030471802, "val_precision": 0.0, "val_recall": 0.0, "val_auc": 0.7953058481216431, "lr": 1.000000082740371e-08}