{"step": 90, "loss": 0.38435032963752747, "acc": 0.8774620294570923, "precision": 0.918879508972168, "recall": 0.8532551527023315, "auc": 0.9945400357246399, "val_loss": 1.407637596130371, "val_acc": 0.7726657390594482, "val_precision": 0.8014184236526489, "val_recall": 0.7645466923713684, "val_auc": 0.9563018083572388, "lr": 0.0010000000474974513}