{
    "step": 44,
    "loss": 3.5344085693359375,
    "acc": 0.055179670453071594,
    "precision": 0.0,
    "recall": 0.0,
    "auc": 0.5281426310539246,
    "val_loss": 3.551393985748291,
    "val_acc": 0.04465493932366371,
    "val_precision": 0.0,
    "val_recall": 0.0,
    "val_auc": 0.515501856803894,
    "lr": 1.0000000656873453e-05
}