{"step": 143, "loss": 0.33807405829429626, "acc": 0.9013682007789612, "precision": 0.9523112177848816, "recall": 0.8797173500061035, "auc": 0.9967105388641357, "val_loss": 2.1384005546569824, "val_acc": 0.565629243850708, "val_precision": 0.6314960718154907, "val_recall": 0.5426251888275146, "val_auc": 0.9112014770507812, "lr": 1.0000000656873453e-05}