{
    "step": 199,
    "loss": 3.2204322814941406,
    "acc": 0.09607578068971634,
    "precision": 1.0,
    "recall": 0.00015035332762636244,
    "auc": 0.7142465710639954,
    "val_loss": 3.0954113006591797,
    "val_acc": 0.10960757732391357,
    "val_precision": 0.0,
    "val_recall": 0.0,
    "val_auc": 0.7858651280403137,
    "lr": 1.0000001111620804e-06
}