{"step": 45, "loss": 3.536712408065796, "acc": 0.0565328523516655, "precision": 0.0, "recall": 0.0, "auc": 0.5273520946502686, "val_loss": 3.5392978191375732, "val_acc": 0.0405953973531723, "val_precision": 0.0, "val_recall": 0.0, "val_auc": 0.5238288044929504, "lr": 1.0000000656873453e-05}