{
    "step": 70,
    "loss": 0.3937617242336273,
    "acc": 0.8740038871765137,
    "precision": 0.9166666865348816,
    "recall": 0.8467899560928345,
    "auc": 0.9939855337142944,
    "val_loss": 0.9871405959129333,
    "val_acc": 0.8092015981674194,
    "val_precision": 0.8423295617103577,
    "val_recall": 0.8024356961250305,
    "val_auc": 0.9676839709281921,
    "lr": 0.0010000000474974513
}