{"step": 306, "loss": 3.0296239852905273, "acc": 0.130506694316864, "precision": 0.6363636255264282, "recall": 0.002104946644976735, "auc": 0.7762801051139832, "val_loss": 2.8955461978912354, "val_acc": 0.1569688767194748, "val_precision": 0.0, "val_recall": 0.0, "val_auc": 0.8217810988426208, "lr": 1.000000082740371e-08}