{"step": 116, "loss": 0.0014770167181268334, "acc": 0.999248206615448, "precision": 0.999248206615448, "recall": 0.999248206615448, "auc": 0.9999999403953552, "val_loss": 1.3183082342147827, "val_acc": 0.8308525085449219, "val_precision": 0.8367626667022705, "val_recall": 0.8254398107528687, "val_auc": 0.9565399885177612, "lr": 0.00010000000474974513}