{
    "step": 96,
    "loss": 3.571413993835449,
    "acc": 0.05481506139039993,
    "precision": 0.0,
    "recall": 0.0,
    "auc": 0.5465654730796814,
    "val_loss": 3.5720181465148926,
    "val_acc": 0.047333333641290665,
    "val_precision": 0.0,
    "val_recall": 0.0,
    "val_auc": 0.5391110777854919,
    "lr": 1.000000082740371e-10
}