{
    "step": 54,
    "loss": 0.1217106282711029,
    "acc": 0.9623458981513977,
    "precision": 0.9660959839820862,
    "recall": 0.9590136408805847,
    "auc": 0.9980618357658386,
    "val_loss": 2.4909961223602295,
    "val_acc": 0.5886666774749756,
    "val_precision": 0.6147832274436951,
    "val_recall": 0.5766666531562805,
    "val_auc": 0.8926066160202026,
    "lr": 0.0010000000474974513
}