{
    "step": 92,
    "loss": 0.08589296042919159,
    "acc": 0.9726758003234863,
    "precision": 0.9747449159622192,
    "recall": 0.9710096716880798,
    "auc": 0.9985609650611877,
    "val_loss": 1.8256794214248657,
    "val_acc": 0.6606666445732117,
    "val_precision": 0.6928057670593262,
    "val_recall": 0.6420000195503235,
    "val_auc": 0.9203365445137024,
    "lr": 0.0010000000474974513
}