{"step": 78, "loss": 0.40294045209884644, "acc": 0.8801683783531189, "precision": 0.9177348613739014, "recall": 0.8503984212875366, "auc": 0.9942663908004761, "val_loss": 0.9852103590965271, "val_acc": 0.8132611513137817, "val_precision": 0.8428571224212646, "val_recall": 0.798376202583313, "val_auc": 0.9691832065582275, "lr": 0.0010000000474974513}