{
    "step": 94,
    "loss": 0.3843384385108948,
    "acc": 0.8800399899482727,
    "precision": 0.9340119957923889,
    "recall": 0.8560479879379272,
    "auc": 0.996921181678772,
    "val_loss": 1.1334565877914429,
    "val_acc": 0.7193333506584167,
    "val_precision": 0.7799256443977356,
    "val_recall": 0.6993333101272583,
    "val_auc": 0.9614033699035645,
    "lr": 1.0000000656873453e-05
}