{"step": 58, "loss": 0.13870643079280853, "acc": 0.9604570865631104, "precision": 0.9661351442337036, "recall": 0.9565479159355164, "auc": 0.9974715113639832, "val_loss": 1.643254041671753, "val_acc": 0.6887686252593994, "val_precision": 0.7197080254554749, "val_recall": 0.667117714881897, "val_auc": 0.9348105788230896, "lr": 0.0010000000474974513}