{"step": 51, "loss": 3.535423755645752, "acc": 0.05608179047703743, "precision": 0.0, "recall": 0.0, "auc": 0.5265333652496338, "val_loss": 3.541459560394287, "val_acc": 0.03653585910797119, "val_precision": 0.0, "val_recall": 0.0, "val_auc": 0.5251134037971497, "lr": 1.0000000656873453e-05}