{"step": 95, "loss": 3.5353124141693115, "acc": 0.05623214691877365, "precision": 0.0, "recall": 0.0, "auc": 0.5265074372291565, "val_loss": 3.5397558212280273, "val_acc": 0.037889041006565094, "val_precision": 0.0, "val_recall": 0.0, "val_auc": 0.5260016918182373, "lr": 1.000000082740371e-09}