{"step": 48, "loss": 3.5343985557556152, "acc": 0.05608179047703743, "precision": 0.0, "recall": 0.0, "auc": 0.5288259387016296, "val_loss": 3.5413780212402344, "val_acc": 0.03653585910797119, "val_precision": 0.0, "val_recall": 0.0, "val_auc": 0.5261404514312744, "lr": 1.0000000656873453e-05}