{"step": 109, "loss": 0.11775684356689453, "acc": 0.9636145234107971, "precision": 0.9759741425514221, "recall": 0.9527890682220459, "auc": 0.9991857409477234, "val_loss": 1.1541879177093506, "val_acc": 0.8457374572753906, "val_precision": 0.8685314655303955, "val_recall": 0.8403247594833374, "val_auc": 0.9636553525924683, "lr": 0.00010000000474974513}