{"step": 77, "loss": 0.24283845722675323, "acc": 0.9296346306800842, "precision": 0.9472377300262451, "recall": 0.9177567362785339, "auc": 0.9955832958221436, "val_loss": 1.3106895685195923, "val_acc": 0.8146143555641174, "val_precision": 0.8359046578407288, "val_recall": 0.8064952492713928, "val_auc": 0.9615063071250916, "lr": 0.0010000000474974513}