{
    "step": 44,
    "loss": 3.534459352493286,
    "acc": 0.055179670453071594,
    "precision": 0.0,
    "recall": 0.0,
    "auc": 0.5280996561050415,
    "val_loss": 3.5513365268707275,
    "val_acc": 0.04465493932366371,
    "val_precision": 0.0,
    "val_recall": 0.0,
    "val_auc": 0.515501856803894,
    "lr": 1.0000000656873453e-05
}