{
    "step": 72,
    "loss": 0.47672924399375916,
    "acc": 0.8422192335128784,
    "precision": 0.8942820429801941,
    "recall": 0.8103965520858765,
    "auc": 0.9933883547782898,
    "val_loss": 1.467836856842041,
    "val_acc": 0.7746666669845581,
    "val_precision": 0.8137881755828857,
    "val_recall": 0.7633333206176758,
    "val_auc": 0.9554795622825623,
    "lr": 0.0010000000474974513
}