{
    "step": 99,
    "loss": 0.29481208324432373,
    "acc": 0.9121959209442139,
    "precision": 0.9544003009796143,
    "recall": 0.8962012529373169,
    "auc": 0.9976109862327576,
    "val_loss": 1.5281453132629395,
    "val_acc": 0.6753333210945129,
    "val_precision": 0.7364513874053955,
    "val_recall": 0.6613333225250244,
    "val_auc": 0.9404650330543518,
    "lr": 0.00010000000474974513
}