{"step": 74, "loss": 0.40933263301849365, "acc": 0.8619756698608398, "precision": 0.9094481468200684, "recall": 0.8350623846054077, "auc": 0.9944421052932739, "val_loss": 0.9698933362960815, "val_acc": 0.8267929553985596, "val_precision": 0.8445377945899963, "val_recall": 0.8159675002098083, "val_auc": 0.9661558866500854, "lr": 0.0010000000474974513}