{
    "step": 81,
    "loss": 0.4770786464214325,
    "acc": 0.8509998321533203,
    "precision": 0.9010425209999084,
    "recall": 0.8186739087104797,
    "auc": 0.9927136898040771,
    "val_loss": 1.246480941772461,
    "val_acc": 0.7902570962905884,
    "val_precision": 0.823699414730072,
    "val_recall": 0.7713125944137573,
    "val_auc": 0.9607462882995605,
    "lr": 0.0010000000474974513
}