{"step": 0, "loss": 4.0166521072387695, "acc": 0.11862877756357193, "precision": 0.2330508530139923, "recall": 0.02480829879641533, "auc": 0.6977731585502625, "val_loss": 4.500411510467529, "val_acc": 0.10825439542531967, "val_precision": 0.10138248652219772, "val_recall": 0.029769958928227425, "val_auc": 0.6501860022544861, "lr": 0.0010000000474974513}