{"step": 102, "loss": 0.16403239965438843, "acc": 0.9418132901191711, "precision": 0.9644299745559692, "recall": 0.9335438013076782, "auc": 0.9991615414619446, "val_loss": 1.024082899093628, "val_acc": 0.8606224656105042, "val_precision": 0.8729282021522522, "val_recall": 0.8552097678184509, "val_auc": 0.9661629796028137, "lr": 0.00010000000474974513}