{
    "step": 84,
    "loss": 3.571549654006958,
    "acc": 0.05481506139039993,
    "precision": 0.0,
    "recall": 0.0,
    "auc": 0.546319842338562,
    "val_loss": 3.571915626525879,
    "val_acc": 0.047333333641290665,
    "val_precision": 0.0,
    "val_recall": 0.0,
    "val_auc": 0.5394155979156494,
    "lr": 1.000000082740371e-08
}