{"step": 52, "loss": 3.5355188846588135, "acc": 0.05608179047703743, "precision": 0.0, "recall": 0.0, "auc": 0.5264400839805603, "val_loss": 3.5410890579223633, "val_acc": 0.03653585910797119, "val_precision": 0.0, "val_recall": 0.0, "val_auc": 0.5259296894073486, "lr": 1.0000001111620804e-06}