{"step": 9, "loss": 3.386924982070923, "acc": 0.06946323812007904, "precision": 0.0, "recall": 0.0, "auc": 0.6568479537963867, "val_loss": 3.3768649101257324, "val_acc": 0.08660351485013962, "val_precision": 0.0, "val_recall": 0.0, "val_auc": 0.6539527773857117, "lr": 0.0010000000474974513}