{"step": 107, "loss": 0.3482818603515625, "acc": 0.8917456269264221, "precision": 0.9445884823799133, "recall": 0.8765599131584167, "auc": 0.9962000846862793, "val_loss": 1.3303799629211426, "val_acc": 0.7198917269706726, "val_precision": 0.7746268510818481, "val_recall": 0.7023004293441772, "val_auc": 0.9541046619415283, "lr": 0.00010000000474974513}