{
    "step": 74,
    "loss": 3.571408748626709,
    "acc": 0.05481506139039993,
    "precision": 0.0,
    "recall": 0.0,
    "auc": 0.5459128618240356,
    "val_loss": 3.5720043182373047,
    "val_acc": 0.047333333641290665,
    "val_precision": 0.0,
    "val_recall": 0.0,
    "val_auc": 0.5418148636817932,
    "lr": 1.000000082740371e-07
}