{"step": 0, "loss": 87.72984313964844, "acc": 0.04495564475655556, "precision": 0.03562551736831665, "recall": 0.006465193349868059, "auc": 0.5046465396881104, "val_loss": 3.555462121963501, "val_acc": 0.054127197712659836, "val_precision": 0.0, "val_recall": 0.0, "val_auc": 0.523200273513794, "lr": 0.0010000000474974513}