{"step": 49, "loss": 3.535524606704712, "acc": 0.05608179047703743, "precision": 0.0, "recall": 0.0, "auc": 0.5264400839805603, "val_loss": 3.547823905944824, "val_acc": 0.03653585910797119, "val_precision": 0.0, "val_recall": 0.0, "val_auc": 0.5248655676841736, "lr": 1.0000000656873453e-05}