{"step": 48, "loss": 3.535649538040161, "acc": 0.055781085044145584, "precision": 0.0, "recall": 0.0, "auc": 0.5276833772659302, "val_loss": 3.5418448448181152, "val_acc": 0.03653585910797119, "val_precision": 0.0, "val_recall": 0.0, "val_auc": 0.524004340171814, "lr": 1.0000000656873453e-05}