{"step": 154, "loss": 0.18335984647274017, "acc": 0.9362502098083496, "precision": 0.9669042229652405, "recall": 0.9180574417114258, "auc": 0.9990824460983276, "val_loss": 1.420646071434021, "val_acc": 0.8633288145065308, "val_precision": 0.873799741268158, "val_recall": 0.8619756698608398, "val_auc": 0.9593910574913025, "lr": 0.00010000000474974513}