{
    "step": 90,
    "loss": 0.5048136711120605,
    "acc": 0.8192753195762634,
    "precision": 0.8880013823509216,
    "recall": 0.7855961322784424,
    "auc": 0.9937601089477539,
    "val_loss": 1.3989603519439697,
    "val_acc": 0.8281461596488953,
    "val_precision": 0.8515406250953674,
    "val_recall": 0.8227334022521973,
    "val_auc": 0.9562312960624695,
    "lr": 0.0010000000474974513
}