{
    "step": 806,
    "loss": 0.03829671069979668,
    "val_loss": 0.1918923407793045,
    "lr": 9.99999993922529e-09,
    "train_nway_acc": 0.9909774436090225,
    "train_nway_avg_dist": 1.4751715660095215,
    "train_nway_avg_var": 0.11055584996938705,
    "test_nway_acc": 0.8836265223274695,
    "test_nway_avg_dist": 1.4080313444137573,
    "test_nway_avg_var": 0.08217635005712509,
    "memory_use_GB": 6.7343902587890625
}