{
    "step": 593,
    "loss": 0.05503559112548828,
    "val_loss": 0.1879374384880066,
    "lr": 9.99999993922529e-09,
    "train_nway_acc": 0.97,
    "train_nway_avg_dist": 1.301056981086731,
    "train_nway_avg_var": 0.08551539480686188,
    "test_nway_acc": 0.884,
    "test_nway_avg_dist": 1.1819665431976318,
    "test_nway_avg_var": 0.04096371307969093,
    "memory_use_GB": 8.342560768127441
}