{
    "step": 199,
    "loss": 0.0824921503663063,
    "val_loss": 0.3844085931777954,
    "lr": 9.999999747378752e-05,
    "train_nway_acc": 0.9894736842105263,
    "train_nway_avg_dist": 1.2066137790679932,
    "train_nway_avg_var": 0.06882394850254059,
    "test_nway_acc": 0.631935047361299,
    "test_nway_avg_dist": 0.8572875261306763,
    "test_nway_avg_var": 0.020245634019374847,
    "memory_use_GB": 5.53236198425293
}