{
    "step": 607,
    "loss": 0.04188646003603935,
    "val_loss": 0.16010189056396484,
    "lr": 9.99999993922529e-09,
    "train_nway_acc": 0.9819548872180451,
    "train_nway_avg_dist": 1.2364587783813477,
    "train_nway_avg_var": 0.06432703882455826,
    "test_nway_acc": 0.8809201623815968,
    "test_nway_avg_dist": 1.1475192308425903,
    "test_nway_avg_var": 0.04185967147350311,
    "memory_use_GB": 7.05149507522583
}