{
    "step": 199,
    "loss": 0.07727941125631332,
    "val_loss": 0.32868900895118713,
    "lr": 9.999999747378752e-05,
    "train_nway_acc": 0.9789473684210527,
    "train_nway_avg_dist": 1.1486830711364746,
    "train_nway_avg_var": 0.0555322989821434,
    "test_nway_acc": 0.6265223274695535,
    "test_nway_avg_dist": 0.8433342576026917,
    "test_nway_avg_var": 0.01790185645222664,
    "memory_use_GB": 5.553379058837891
}