{"step": 250, "loss": 0.35787156224250793, "acc": 0.8840776085853577, "val_loss": 0.46880900859832764, "val_acc": 0.8105548024177551, "lr": 1.0000000116860974e-07, "memory_use_GB": 3.3764305114746094}