{"step": 337, "loss": 0.3381631672382355, "acc": 0.8915952444076538, "val_loss": 0.44281384348869324, "val_acc": 0.8470906615257263, "lr": 9.999999439624929e-11, "memory_use_GB": 4.111275672912598}