{"step": 323, "loss": 0.5293501615524292, "acc": 0.76153963804245, "val_loss": 0.5787883996963501, "val_acc": 0.7158322334289551, "lr": 9.99999993922529e-09, "memory_use_GB": 1.7740168571472168}