{
    "step": 95,
    "loss": 0.3910064995288849,
    "acc": 0.8983611464500427,
    "val_loss": 0.8919651508331299,
    "val_acc": 0.5886332988739014,
    "lr": 9.999999974752427e-07,
    "memory_use_GB": 2.0395255088806152
}