{
    "step": 293,
    "loss": 0.5315074324607849,
    "acc": 0.7680773138999939,
    "val_loss": 0.6028724908828735,
    "val_acc": 0.7093333601951599,
    "lr": 9.999999717180685e-10,
    "train_nway_acc": 0.6866666666666666,
    "train_nway_avg_dist": 0.35272982716560364,
    "train_nway_avg_var": 0.013422347605228424,
    "test_nway_acc": 0.7153333333333334,
    "test_nway_avg_dist": 0.35000818967819214,
    "test_nway_avg_var": 0.007766145281493664,
    "memory_use_GB": 8.33690595626831
}