{"step": 312, "loss": 0.27339085936546326, "acc": 0.9299353361129761, "val_loss": 0.4096355438232422, "val_acc": 0.8457374572753906, "lr": 1.0000000116860974e-07, "memory_use_GB": 2.0174179077148438}