{"step": 269, "loss": 0.48571205139160156, "acc": 0.8104044795036316, "val_loss": 0.581386923789978, "val_acc": 0.7253044843673706, "lr": 1.0000000116860974e-07, "memory_use_GB": 5.16484260559082}