{"step": 0, "loss": 1.0248559713363647, "acc": 0.5033829212188721, "val_loss": 1.0210175514221191, "val_acc": 0.5033829212188721, "lr": 9.999999747378752e-05}