{
    "step": 227,
    "loss": 0.5300246477127075,
    "acc": 0.7658998370170593,
    "val_loss": 0.6156249642372131,
    "val_acc": 0.7077131271362305,
    "lr": 1.0000000116860974e-07,
    "train_nway_acc": 0.7022556390977444,
    "train_nway_avg_dist": 0.3524955213069916,
    "train_nway_avg_var": 0.011410200968384743,
    "test_nway_acc": 0.6887686062246279,
    "test_nway_avg_dist": 0.35986626148223877,
    "test_nway_avg_var": 0.009809719398617744,
    "memory_use_GB": 6.4934210777282715
}