{"step": 361, "loss": 0.28376060724258423, "acc": 0.923470139503479, "val_loss": 0.4408458173274994, "val_acc": 0.8213802576065063, "lr": 1.0000000116860974e-07, "memory_use_GB": 4.79014778137207}