{
    "step": 74,
    "loss": 0.5365869998931885,
    "acc": 0.8066456317901611,
    "val_loss": 0.8286620378494263,
    "val_acc": 0.5629228949546814,
    "lr": 9.999999974752427e-07,
    "train_nway_acc": 0.7654135338345864,
    "train_nway_avg_dist": 0.32746559381484985,
    "train_nway_avg_var": 0.013926848769187927,
    "test_nway_acc": 0.577807848443843,
    "test_nway_avg_dist": 0.3681354820728302,
    "test_nway_avg_var": 0.008650721982121468,
    "memory_use_GB": 5.3701395988464355
}