{"step": 331, "loss": 0.28582146763801575, "acc": 0.9222673177719116, "val_loss": 0.44736742973327637, "val_acc": 0.8281461596488953, "lr": 1.0000000116860974e-07, "memory_use_GB": 3.977128505706787}