{"step": 199, "loss": 0.6903311610221863, "acc": 0.5475868582725525, "val_loss": 0.6933984160423279, "val_acc": 0.49797022342681885, "lr": 1.0000000116860974e-07, "memory_use_GB": 5.2452898025512695}