{"step": 5, "loss": 0.8943699598312378, "acc": 0.5227785110473633, "val_loss": 0.8899329900741577, "val_acc": 0.5196211338043213, "lr": 9.999999747378752e-05, "memory_use_GB": 2.577991008758545}