{"step": 300, "loss": 0.28760620951652527, "acc": 0.9179070591926575, "val_loss": 0.46549707651138306, "val_acc": 0.8267929553985596, "lr": 1.0000000116860974e-07, "memory_use_GB": 1.9378056526184082}