{"step": 371, "loss": 0.5470935702323914, "acc": 0.7484588623046875, "val_loss": 0.5956645011901855, "val_acc": 0.7144790291786194, "lr": 9.99999993922529e-09, "memory_use_GB": 5.48175573348999}