{"step": 276, "loss": 0.3251504600048065, "acc": 0.897007942199707, "val_loss": 0.43840011954307556, "val_acc": 0.8335588574409485, "lr": 1.0000000116860974e-07, "memory_use_GB": 3.334202289581299}